{"17X": [[14, [0.14285714285714285, 0.6428571428571429, 0.0, 0.0, 0.21428571428571427]], [3, [0.0, 0.6666666666666666, 0.0, 0.0, 0.3333333333333333]], [0.14285714285714285, -0.023809523809523725, 0.0, 0.0, -0.11904761904761904]], "77X": [[0, [0.0, 0.0, 0.0, 0.0, 0.0]], [2, [0.0, 0.5, 0.0, 0.5, 0.0]], [0.0, -0.5, 0.0, -0.5, 0.0]], "15X": [[19, [0.05263157894736842, 0.7894736842105263, 0.10526315789473684, 0.05263157894736842, 0.0]], [2, [0.0, 0.5, 0.5, 0.0, 0.0]], [0.05263157894736842, 0.2894736842105263, -0.39473684210526316, 0.05263157894736842, 0.0]], "07X": [[52, [0.09615384615384616, 0.6923076923076923, 0.038461538461538464, 0.0, 0.17307692307692307]], [6, [0.0, 1.0, 0.0, 0.0, 0.0]], [0.09615384615384616, -0.3076923076923077, 0.038461538461538464, 0.0, 0.17307692307692307]], "29X": [[33, [0.030303030303030304, 0.7575757575757576, 0.12121212121212122, 0.030303030303030304, 0.06060606060606061]], [1, [0.0, 1.0, 0.0, 0.0, 0.0]], [0.030303030303030304, -0.24242424242424243, 0.12121212121212122, 0.030303030303030304, 0.06060606060606061]], "21Y": [[29, [0.06896551724137931, 0.7586206896551724, 0.13793103448275862, 0.0, 0.034482758620689655]], [1, [0.0, 1.0, 0.0, 0.0, 0.0]], [0.06896551724137931, -0.24137931034482762, 0.13793103448275862, 0.0, 0.034482758620689655]], "18X": [[68, [0.25, 0.4852941176470588, 0.20588235294117646, 0.0, 0.058823529411764705]], [1, [0.0, 1.0, 0.0, 0.0, 0.0]], [0.25, -0.5147058823529411, 0.20588235294117646, 0.0, 0.058823529411764705]], "35Y": [[1, [0.0, 0.0, 0.0, 0.0, 1.0]], [1, [0.0, 1.0, 0.0, 0.0, 0.0]], [0.0, -1.0, 0.0, 0.0, 1.0]], "35X": [[39, [0.02564102564102564, 0.7692307692307693, 0.1794871794871795, 0.02564102564102564, 0.0]], [2, [0.0, 1.0, 0.0, 0.0, 0.0]], [0.02564102564102564, -0.23076923076923073, 0.1794871794871795, 0.02564102564102564, 0.0]], "30X": [[100, [0.0, 0.73, 0.16, 0.07, 0.04]], [6, [0.0, 0.8333333333333334, 0.16666666666666666, 0.0, 0.0]], [0.0, -0.10333333333333339, -0.006666666666666654, 0.07, 0.04]], "30Y": [[40, [0.025, 0.8, 0.125, 0.025, 0.025]], [5, [0.0, 1.0, 0.0, 0.0, 0.0]], [0.025, -0.19999999999999996, 0.125, 0.025, 0.025]], "08X": [[39, [0.05128205128205128, 0.5128205128205128, 0.05128205128205128, 0.07692307692307693, 0.3076923076923077]], [7, [0.0, 1.0, 0.0, 0.0, 0.0]], [0.05128205128205128, -0.4871794871794872, 0.05128205128205128, 0.07692307692307693, 0.3076923076923077]], "06X": [[62, [0.03225806451612903, 0.8387096774193549, 0.06451612903225806, 0.0, 0.06451612903225806]], [3, [0.0, 1.0, 0.0, 0.0, 0.0]], [0.03225806451612903, -0.16129032258064513, 0.06451612903225806, 0.0, 0.06451612903225806]], "99X": [[0, [0.0, 0.0, 0.0, 0.0, 0.0]], [1, [0.0, 0.0, 0.0, 1.0, 0.0]], [0.0, 0.0, 0.0, -1.0, 0.0]], "14X": [[30, [0.06666666666666667, 0.4, 0.06666666666666667, 0.13333333333333333, 0.3333333333333333]], [4, [0.0, 0.5, 0.0, 0.0, 0.5]], [0.06666666666666667, -0.09999999999999998, 0.06666666666666667, 0.13333333333333333, -0.16666666666666669]], "14Y": [[7, [0.0, 1.0, 0.0, 0.0, 0.0]], [0, [0.0, 0.0, 0.0, 0.0, 0.0]], [0.0, 1.0, 0.0, 0.0, 0.0]], "10X": [[17, [0.11764705882352941, 0.6470588235294118, 0.058823529411764705, 0.0, 0.17647058823529413]], [2, [0.0, 0.5, 0.0, 0.0, 0.5]], [0.11764705882352941, 0.1470588235294118, 0.058823529411764705, 0.0, -0.32352941176470584]], "10Y": [[44, [0.022727272727272728, 0.75, 0.09090909090909091, 0.022727272727272728, 0.11363636363636363]], [0, [0.0, 0.0, 0.0, 0.0, 0.0]], [0.022727272727272728, 0.75, 0.09090909090909091, 0.022727272727272728, 0.11363636363636363]], "16X": [[5, [0.0, 0.6, 0.2, 0.0, 0.2]], [0, [0.0, 0.0, 0.0, 0.0, 0.0]], [0.0, 0.6, 0.2, 0.0, 0.2]], "16Y": [[1, [0.0, 1.0, 0.0, 0.0, 0.0]], [2, [0.0, 0.5, 0.5, 0.0, 0.0]], [0.0, 0.5, -0.5, 0.0, 0.0]], "22Y": [[3, [0.0, 1.0, 0.0, 0.0, 0.0]], [2, [0.0, 1.0, 0.0, 0.0, 0.0]], [0.0, 0.0, 0.0, 0.0, 0.0]], "04X": [[68, [0.058823529411764705, 0.4117647058823529, 0.14705882352941177, 0.07352941176470588, 0.3088235294117647]], [8, [0.0, 0.875, 0.125, 0.0, 0.0]], [0.058823529411764705, -0.4632352941176471, 0.02205882352941177, 0.07352941176470588, 0.3088235294117647]], "12X": [[23, [0.0, 0.5217391304347826, 0.043478260869565216, 0.043478260869565216, 0.391304347826087]], [2, [0.0, 0.0, 0.5, 0.0, 0.5]], [0.0, 0.5217391304347826, -0.4565217391304348, 0.043478260869565216, -0.10869565217391303]], "12Y": [[12, [0.0, 0.5, 0.08333333333333333, 0.0, 0.4166666666666667]], [3, [0.0, 1.0, 0.0, 0.0, 0.0]], [0.0, -0.5, 0.08333333333333333, 0.0, 0.4166666666666667]], "26Y": [[32, [0.03125, 0.46875, 0.40625, 0.03125, 0.0625]], [4, [0.0, 0.75, 0.0, 0.25, 0.0]], [0.03125, -0.28125, 0.40625, -0.21875, 0.0625]], "26X": [[35, [0.02857142857142857, 0.14285714285714285, 0.7142857142857143, 0.05714285714285714, 0.05714285714285714]], [7, [0.0, 0.2857142857142857, 0.2857142857142857, 0.0, 0.42857142857142855]], [0.02857142857142857, -0.14285714285714285, 0.4285714285714286, 0.05714285714285714, -0.3714285714285714]], "24Y": [[11, [0.09090909090909091, 0.5454545454545454, 0.18181818181818182, 0.18181818181818182, 0.0]], [4, [0.0, 0.5, 0.0, 0.25, 0.25]], [0.09090909090909091, 0.045454545454545414, 0.18181818181818182, -0.06818181818181818, -0.25]], "02X": [[36, [0.027777777777777776, 0.6666666666666666, 0.16666666666666666, 0.05555555555555555, 0.08333333333333333]], [4, [0.0, 1.0, 0.0, 0.0, 0.0]], [0.027777777777777776, -0.33333333333333337, 0.16666666666666666, 0.05555555555555555, 0.08333333333333333]], "03X": [[64, [0.296875, 0.46875, 0.03125, 0.03125, 0.171875]], [3, [0.0, 0.6666666666666666, 0.0, 0.3333333333333333, 0.0]], [0.296875, -0.19791666666666663, 0.03125, -0.3020833333333333, 0.171875]], "18Y": [[20, [0.45, 0.35, 0.0, 0.1, 0.1]], [3, [0.0, 1.0, 0.0, 0.0, 0.0]], [0.45, -0.65, 0.0, 0.1, 0.1]], "22X": [[12, [0.08333333333333333, 0.5833333333333334, 0.0, 0.16666666666666666, 0.16666666666666666]], [1, [0.0, 1.0, 0.0, 0.0, 0.0]], [0.08333333333333333, -0.41666666666666663, 0.0, 0.16666666666666666, 0.16666666666666666]], "05X": [[45, [0.044444444444444446, 0.6888888888888889, 0.06666666666666667, 0.044444444444444446, 0.15555555555555556]], [6, [0.0, 0.6666666666666666, 0.16666666666666666, 0.16666666666666666, 0.0]], [0.044444444444444446, 0.022222222222222254, -0.09999999999999999, -0.1222222222222222, 0.15555555555555556]], "28X": [[20, [0.1, 0.55, 0.05, 0.15, 0.15]], [4, [0.0, 0.75, 0.0, 0.0, 0.25]], [0.1, -0.19999999999999996, 0.05, 0.15, -0.1]], "13Z": [[3, [0.0, 0.0, 0.6666666666666666, 0.0, 0.3333333333333333]], [1, [0.0, 1.0, 0.0, 0.0, 0.0]], [0.0, -1.0, 0.6666666666666666, 0.0, 0.3333333333333333]], "01X": [[26, [0.19230769230769232, 0.38461538461538464, 0.07692307692307693, 0.038461538461538464, 0.3076923076923077]], [2, [0.0, 1.0, 0.0, 0.0, 0.0]], [0.19230769230769232, -0.6153846153846154, 0.07692307692307693, 0.038461538461538464, 0.3076923076923077]], "32X": [[35, [0.0, 0.5714285714285714, 0.37142857142857144, 0.05714285714285714, 0.0]], [5, [0.0, 0.8, 0.2, 0.0, 0.0]], [0.0, -0.22857142857142865, 0.17142857142857143, 0.05714285714285714, 0.0]], "32Y": [[15, [0.0, 0.5333333333333333, 0.4, 0.0, 0.06666666666666667]], [2, [0.0, 0.0, 1.0, 0.0, 0.0]], [0.0, 0.5333333333333333, -0.6, 0.0, 0.06666666666666667]], "34X": [[130, [0.0, 0.6538461538461539, 0.26153846153846155, 0.015384615384615385, 0.06923076923076923]], [5, [0.2, 0.6, 0.2, 0.0, 0.0]], [-0.2, 0.05384615384615388, 0.06153846153846154, 0.015384615384615385, 0.06923076923076923]], "19X": [[108, [0.1388888888888889, 0.4722222222222222, 0.24074074074074073, 0.037037037037037035, 0.1111111111111111]], [7, [0.0, 0.5714285714285714, 0.2857142857142857, 0.0, 0.14285714285714285]], [0.1388888888888889, -0.09920634920634919, -0.04497354497354497, 0.037037037037037035, -0.031746031746031744]], "09X": [[22, [0.0, 0.4090909090909091, 0.09090909090909091, 0.045454545454545456, 0.45454545454545453]], [2, [0.0, 1.0, 0.0, 0.0, 0.0]], [0.0, -0.5909090909090908, 0.09090909090909091, 0.045454545454545456, 0.45454545454545453]],